SK_ID_PREV,SK_ID_CURR,NAME_CONTRACT_TYPE,AMT_ANNUITY,AMT_APPLICATION,AMT_CREDIT,AMT_DOWN_PAYMENT,AMT_GOODS_PRICE,WEEKDAY_APPR_PROCESS_START,HOUR_APPR_PROCESS_START,FLAG_LAST_APPL_PER_CONTRACT,NFLAG_LAST_APPL_IN_DAY,RATE_DOWN_PAYMENT,RATE_INTEREST_PRIMARY,RATE_INTEREST_PRIVILEGED,NAME_CASH_LOAN_PURPOSE,NAME_CONTRACT_STATUS,DAYS_DECISION,NAME_PAYMENT_TYPE,CODE_REJECT_REASON,NAME_TYPE_SUITE,NAME_CLIENT_TYPE,NAME_GOODS_CATEGORY,NAME_PORTFOLIO,NAME_PRODUCT_TYPE,CHANNEL_TYPE,SELLERPLACE_AREA,NAME_SELLER_INDUSTRY,CNT_PAYMENT,NAME_YIELD_GROUP,PRODUCT_COMBINATION,DAYS_FIRST_DRAWING,DAYS_FIRST_DUE,DAYS_LAST_DUE_1ST_VERSION,DAYS_LAST_DUE,DAYS_TERMINATION,NFLAG_INSURED_ON_APPROVAL
1339797,100035,Cash loans,,0.0,0.0,,,FRIDAY,14,Y,1,,,,XNA,Refused,-138,XNA,HC,,Repeater,XNA,XNA,XNA,Credit and cash offices,0,XNA,,XNA,Cash,,,,,,
1185699,100043,Consumer loans,5287.815,35775.0,33340.5,4500.0,35775.0,MONDAY,11,Y,1,0.1295149136747423,,,XAP,Approved,-2411,Cash through the bank,XAP,Family,New,Mobile,POS,XNA,Country-wide,44,Connectivity,8.0,low_normal,POS mobile with interest,365243.0,-2380.0,-2170.0,-2170.0,-2167.0,1.0
1413109,100009,Consumer loans,8996.76,98239.5,98239.5,0.0,98239.5,SATURDAY,18,Y,1,0.0,,,XAP,Approved,-449,Cash through the bank,XAP,,Repeater,Consumer Electronics,POS,XNA,Regional / Local,164,Consumer electronics,12.0,low_action,POS household without interest,365243.0,-418.0,-88.0,-88.0,-84.0,0.0
2001242,100007,Cash loans,16509.6,180000.0,180000.0,,180000.0,SUNDAY,14,Y,1,,,,XNA,Approved,-865,Cash through the bank,XAP,Unaccompanied,Repeater,XNA,Cash,walk-in,Regional / Local,1200,Consumer electronics,18.0,high,Cash Street: high,365243.0,-834.0,-324.0,-354.0,-347.0,0.0
1252218,100026,Consumer loans,23608.485,132345.0,132345.0,0.0,132345.0,FRIDAY,12,Y,1,0.0,,,XAP,Approved,-1427,Cash through the bank,XAP,"Spouse, partner",New,Computers,POS,XNA,Country-wide,200,Consumer electronics,6.0,low_normal,POS household without interest,365243.0,-1396.0,-1246.0,-1246.0,-1243.0,0.0
2531618,100027,Cash loans,22556.475,225000.0,239850.0,,225000.0,SATURDAY,14,Y,1,,,,XNA,Refused,-181,Cash through the bank,HC,Unaccompanied,Repeater,XNA,Cash,x-sell,AP+ (Cash loan),5,XNA,12.0,low_normal,Cash X-Sell: low,,,,,,
1629558,100062,Cash loans,,0.0,0.0,,,WEDNESDAY,13,Y,1,,,,XNA,Refused,-295,XNA,HC,,Repeater,XNA,XNA,XNA,Credit and cash offices,-1,XNA,,XNA,Cash,,,,,,
2243829,100012,Consumer loans,3012.075,18720.0,23697.0,0.0,18720.0,THURSDAY,9,Y,1,0.0,,,XAP,Approved,-1673,XNA,XAP,Family,New,Audio/Video,POS,XNA,Country-wide,42,Connectivity,12.0,high,POS mobile with interest,365243.0,-1641.0,-1311.0,-1401.0,-1397.0,0.0
2048021,100059,Consumer loans,9917.01,49593.825,44631.0,4962.825,49593.825,MONDAY,15,Y,1,0.1089846889387759,,,XAP,Refused,-2808,Cash through the bank,VERIF,Family,New,XNA,POS,XNA,Country-wide,3500,Consumer electronics,5.0,middle,POS household without interest,,,,,,
2449573,100035,Consumer loans,6236.82,46935.0,45724.5,4693.5,46935.0,SUNDAY,14,Y,1,0.1013853818441465,,,XAP,Approved,-1634,Cash through the bank,XAP,,Repeater,Mobile,POS,XNA,Country-wide,45,Connectivity,10.0,high,POS mobile with interest,365243.0,-1598.0,-1328.0,-1418.0,-1410.0,0.0
1514328,100032,Consumer loans,7910.145,69255.0,42255.0,27000.0,69255.0,SUNDAY,10,Y,1,0.4245968456494773,,,XAP,Approved,-1497,Cash through the bank,XAP,"Spouse, partner",New,Audio/Video,POS,XNA,Regional / Local,246,Consumer electronics,6.0,middle,POS household with interest,365243.0,-1466.0,-1316.0,-1316.0,-1300.0,0.0
1271192,100025,Consumer loans,7159.545,58455.0,36810.0,23382.0,58455.0,SATURDAY,17,Y,1,0.4230649195302306,,,XAP,Approved,-2060,XNA,XAP,"Spouse, partner",New,Consumer Electronics,POS,XNA,Country-wide,911,Consumer electronics,6.0,high,POS household without interest,365243.0,-2029.0,-1879.0,-1879.0,-1870.0,0.0
1950847,100061,Consumer loans,6006.285,44055.0,50094.0,4405.5,44055.0,SATURDAY,5,Y,1,0.088037321443316,,,XAP,Approved,-1573,XNA,XAP,Unaccompanied,New,Mobile,POS,XNA,Stone,63,Connectivity,12.0,high,POS mobile with interest,365243.0,-1542.0,-1212.0,-1212.0,-1208.0,0.0
2667797,100053,Revolving loans,29250.0,0.0,585000.0,,,MONDAY,9,Y,1,,,,XAP,Refused,-350,XNA,HC,,Repeater,XNA,Cards,x-sell,Credit and cash offices,-1,XNA,0.0,XNA,Card X-Sell,,,,,,
1827758,100048,Cash loans,,0.0,0.0,,,FRIDAY,12,Y,1,,,,XNA,Canceled,-457,XNA,XAP,,Repeater,XNA,XNA,XNA,Credit and cash offices,-1,XNA,,XNA,Cash,,,,,,
2730157,100007,Cash loans,13010.985,225000.0,284400.0,,225000.0,FRIDAY,13,Y,1,,,,XNA,Approved,-867,Cash through the bank,XAP,Family,Repeater,XNA,Cash,x-sell,AP+ (Cash loan),4,XNA,48.0,middle,Cash X-Sell: middle,,,,,,
2430929,100036,Cash loans,,0.0,0.0,,,WEDNESDAY,9,Y,1,,,,XNA,Canceled,-195,XNA,XAP,,Repeater,XNA,XNA,XNA,Credit and cash offices,-1,XNA,,XNA,Cash,,,,,,
2078043,100006,Cash loans,24246.0,675000.0,675000.0,,675000.0,THURSDAY,15,Y,1,,,,XNA,Approved,-181,Cash through the bank,XAP,Unaccompanied,Repeater,XNA,Cash,x-sell,Credit and cash offices,-1,XNA,48.0,low_normal,Cash X-Sell: low,365243.0,-151.0,1259.0,-151.0,-143.0,0.0
1801140,100043,Cash loans,25972.965,675000.0,781920.0,,675000.0,SATURDAY,15,Y,1,,,,XNA,Approved,-33,Cash through the bank,XAP,Unaccompanied,Repeater,XNA,Cash,x-sell,AP+ (Cash loan),100,XNA,48.0,low_normal,Cash X-Sell: low,365243.0,-3.0,1407.0,365243.0,365243.0,1.0
2691769,100030,Consumer loans,3140.46,33660.0,33660.0,0.0,33660.0,SATURDAY,7,Y,1,0.0,,,XAP,Refused,-2688,XNA,SCO,Unaccompanied,Repeater,XNA,POS,XNA,Stone,30,Furniture,12.0,low_normal,POS industry with interest,,,,,,
2425354,100035,Cash loans,18201.645,135000.0,163732.5,,135000.0,SATURDAY,12,Y,1,,,,XNA,Approved,-1187,Cash through the bank,XAP,Family,Repeater,XNA,Cash,x-sell,Credit and cash offices,0,XNA,12.0,high,Cash X-Sell: high,365243.0,-1157.0,-827.0,-827.0,-822.0,1.0
2572058,100053,Cash loans,9636.705,90000.0,121968.0,,90000.0,WEDNESDAY,7,Y,1,,,,Other,Approved,-649,Cash through the bank,XAP,Unaccompanied,New,XNA,Cash,walk-in,Credit and cash offices,-1,XNA,24.0,high,Cash Street: high,365243.0,-619.0,71.0,-349.0,-325.0,1.0
1516108,100044,Consumer loans,8565.705,50850.0,48181.5,5085.0,50850.0,SATURDAY,12,Y,1,0.1039682966353574,,,XAP,Approved,-384,Cash through the bank,XAP,,Repeater,Construction Materials,POS,XNA,Stone,20,Construction,6.0,low_normal,POS industry with interest,365243.0,-348.0,-198.0,-198.0,-194.0,0.0
1971594,100063,Revolving loans,,0.0,0.0,,,TUESDAY,15,Y,1,,,,XAP,Canceled,-468,XNA,XAP,,Repeater,XNA,XNA,XNA,Credit and cash offices,-1,XNA,,XNA,Card Street,,,,,,
2383711,100021,Consumer loans,4992.03,26100.0,27477.0,0.0,26100.0,SUNDAY,15,Y,1,0.0,,,XAP,Approved,-596,Cash through the bank,XAP,"Spouse, partner",Repeater,Audio/Video,POS,XNA,Regional / Local,200,Consumer electronics,6.0,middle,POS household with interest,,,,,,
1219930,100035,Consumer loans,5413.365,25087.5,26329.5,0.0,25087.5,TUESDAY,15,Y,1,0.0,,,XAP,Approved,-2073,Cash through the bank,XAP,Unaccompanied,New,Homewares,POS,XNA,Country-wide,2390,Consumer electronics,6.0,high,POS household with interest,365243.0,-2042.0,-1892.0,-1892.0,-1879.0,0.0
1241855,100036,Consumer loans,8908.74,197752.5,197752.5,0.0,197752.5,SATURDAY,14,Y,1,0.0,,,XAP,Refused,-185,Cash through the bank,HC,Family,Repeater,Audio/Video,POS,XNA,Country-wide,2000,Consumer electronics,24.0,low_action,POS household without interest,,,,,,
2579186,100030,Consumer loans,3140.46,33660.0,33660.0,0.0,33660.0,FRIDAY,15,Y,1,0.0,,,XAP,Refused,-2689,XNA,SCO,Unaccompanied,Repeater,XNA,POS,XNA,Stone,30,Furniture,12.0,low_normal,POS industry with interest,,,,,,
1724082,100025,Cash loans,55678.095,900000.0,1042560.0,,900000.0,MONDAY,14,Y,1,,,,XNA,Approved,-63,Cash through the bank,XAP,"Spouse, partner",Repeater,XNA,Cash,x-sell,Credit and cash offices,-1,XNA,24.0,low_normal,Cash X-Sell: low,,,,,,
1929809,100030,Consumer loans,3140.46,33660.0,33660.0,0.0,33660.0,FRIDAY,15,Y,1,0.0,,,XAP,Refused,-2689,XNA,SCO,Unaccompanied,Repeater,XNA,POS,XNA,Stone,30,Furniture,12.0,low_normal,POS industry with interest,,,,,,
1636219,100056,Consumer loans,13502.385,223920.0,201528.0,22392.0,223920.0,THURSDAY,8,Y,1,0.1089090909090909,,,XAP,Approved,-2828,Cash through the bank,XAP,,New,Computers,POS,XNA,Stone,75,Consumer electronics,24.0,high,POS household with interest,365243.0,-2792.0,-2102.0,-2462.0,-2454.0,0.0
1814975,100054,Consumer loans,8589.6,92025.0,92025.0,0.0,92025.0,WEDNESDAY,11,Y,1,0.0,,,XAP,Approved,-847,Cash through the bank,XAP,Unaccompanied,Repeater,Computers,POS,XNA,Stone,19,Consumer electronics,12.0,low_normal,POS household with interest,365243.0,-816.0,-486.0,-486.0,-479.0,0.0
1472630,100047,Revolving loans,22500.0,0.0,450000.0,,,SATURDAY,14,Y,1,,,,XAP,Approved,-1172,XNA,XAP,,Repeater,XNA,Cards,x-sell,Credit and cash offices,-1,XNA,0.0,XNA,Card X-Sell,365243.0,365243.0,365243.0,365243.0,365243.0,0.0
2587658,100059,Consumer loans,4813.245,35680.05,23274.0,13504.05,35680.05,THURSDAY,17,Y,1,0.3998890123568022,,,XAP,Refused,-1832,Cash through the bank,LIMIT,Family,Refreshed,Audio/Video,POS,XNA,Country-wide,3500,Consumer electronics,6.0,high,POS household with interest,,,,,,
1973524,100021,Consumer loans,2709.45,22428.0,13500.0,8928.0,22428.0,THURSDAY,16,Y,1,0.4335385962352253,,,XAP,Approved,-2811,Cash through the bank,XAP,,New,Mobile,POS,XNA,Country-wide,39,Connectivity,6.0,low_normal,POS mobile with interest,365243.0,-2772.0,-2622.0,-2622.0,-2584.0,0.0
2276677,100035,Cash loans,,0.0,0.0,,,FRIDAY,11,Y,1,,,,XNA,Canceled,-124,XNA,XAP,,Repeater,XNA,XNA,XNA,Credit and cash offices,-1,XNA,,XNA,Cash,,,,,,
2542217,100036,Cash loans,,0.0,0.0,,,THURSDAY,11,Y,1,,,,XNA,Canceled,-194,XNA,XAP,,Repeater,XNA,XNA,XNA,Credit and cash offices,-1,XNA,,XNA,Cash,,,,,,
1620327,100019,Consumer loans,10518.615,84136.5,104683.5,0.0,84136.5,FRIDAY,10,Y,1,0.0,,,XAP,Approved,-925,Cash through the bank,XAP,Family,New,Consumer Electronics,POS,XNA,Country-wide,1000,Consumer electronics,12.0,middle,POS household with interest,365243.0,-894.0,-564.0,-714.0,-705.0,0.0
2481012,100063,Cash loans,29543.85,202500.0,247837.5,,202500.0,MONDAY,12,Y,1,,,,Buying a used car,Refused,-546,Cash through the bank,LIMIT,,Repeater,XNA,Cash,walk-in,Credit and cash offices,-1,XNA,12.0,high,Cash Street: high,,,,,,
2426800,100047,Cash loans,11117.7,157500.0,157500.0,,157500.0,FRIDAY,15,Y,1,,,,XNA,Approved,-1467,Cash through the bank,XAP,Family,Refreshed,XNA,Cash,x-sell,Credit and cash offices,-1,XNA,24.0,high,Cash X-Sell: high,365243.0,-1437.0,-747.0,-1167.0,-1163.0,1.0
2769249,100017,Consumer loans,16967.295,158040.0,152721.0,15804.0,158040.0,WEDNESDAY,15,Y,1,0.1021331715013958,,,XAP,Approved,-2441,Cash through the bank,XAP,,New,Furniture,POS,XNA,Stone,408,Furniture,10.0,low_normal,POS industry without interest,365243.0,-2398.0,-2128.0,-2128.0,-2122.0,1.0
2411919,100023,Consumer loans,7992.0,91282.5,93145.5,9000.0,91282.5,SATURDAY,10,Y,1,0.0959593734605849,,,XAP,Approved,-1850,Cash through the bank,XAP,Other_B,Repeater,Consumer Electronics,POS,XNA,Stone,20,Consumer electronics,16.0,middle,POS household with interest,365243.0,-1819.0,-1369.0,-1429.0,-1422.0,0.0
1528229,100063,Cash loans,22877.01,157500.0,192762.0,,157500.0,MONDAY,13,Y,1,,,,Buying a used car,Refused,-546,Cash through the bank,LIMIT,,Repeater,XNA,Cash,walk-in,Credit and cash offices,-1,XNA,12.0,high,Cash Street: high,,,,,,
1944776,100054,Consumer loans,6582.87,77400.0,69660.0,7740.0,77400.0,TUESDAY,15,Y,1,0.1089090909090909,,,XAP,Approved,-1247,Cash through the bank,XAP,Unaccompanied,New,Computers,POS,XNA,Stone,19,Consumer electronics,12.0,low_normal,POS household with interest,365243.0,-1215.0,-885.0,-885.0,-870.0,0.0
1826250,100056,Cash loans,17504.055,135000.0,142425.0,,135000.0,TUESDAY,14,Y,1,,,,XNA,Approved,-2620,XNA,XAP,,Repeater,XNA,Cash,x-sell,Country-wide,-1,Consumer electronics,10.0,middle,Cash Street: middle,365243.0,-2590.0,-2320.0,-2470.0,-2461.0,1.0
2668005,100011,Cash loans,,0.0,0.0,,0.0,WEDNESDAY,9,Y,1,,,,XNA,Refused,-1162,Cash through the bank,LIMIT,Unaccompanied,Repeater,XNA,XNA,XNA,Credit and cash offices,-1,XNA,,XNA,Cash,,,,,,
1709863,100036,Consumer loans,6551.415,58797.0,65007.0,0.0,58797.0,THURSDAY,18,Y,1,0.0,,,XAP,Approved,-397,Cash through the bank,XAP,,New,Consumer Electronics,POS,XNA,Country-wide,10000,Consumer electronics,12.0,middle,POS household with interest,365243.0,-365.0,-35.0,-35.0,-30.0,0.0
2594866,100062,Cash loans,29745.0,900000.0,900000.0,,900000.0,WEDNESDAY,13,Y,1,,,,XNA,Refused,-295,XNA,HC,Unaccompanied,Repeater,XNA,Cash,x-sell,Contact center,-1,XNA,48.0,low_normal,Cash X-Sell: low,,,,,,
2198123,100059,Cash loans,16294.5,450000.0,450000.0,,450000.0,FRIDAY,15,Y,1,,,,XNA,Refused,-326,Cash through the bank,HC,Unaccompanied,Repeater,XNA,Cash,x-sell,Credit and cash offices,-1,XNA,48.0,low_normal,Cash X-Sell: low,,,,,,
2088496,100044,Cash loans,22962.33,315000.0,349929.0,0.0,315000.0,FRIDAY,16,Y,1,0.0,,,XNA,Approved,-2359,Cash through the bank,XAP,Unaccompanied,Repeater,XNA,Cash,x-sell,Credit and cash offices,0,XNA,24.0,middle,Cash Street: middle,365243.0,-2329.0,-1639.0,-1639.0,-1636.0,1.0
1198431,100035,Consumer loans,12001.86,117000.0,107640.0,9360.0,117000.0,MONDAY,13,Y,1,0.0871272727272727,,,XAP,Approved,-1759,Cash through the bank,XAP,Unaccompanied,Repeater,Clothing and Accessories,POS,XNA,Stone,50,Clothing,12.0,high,POS industry with interest,365243.0,-1728.0,-1398.0,-1398.0,-1396.0,0.0
2083316,100063,Cash loans,14585.895,135000.0,182956.5,,135000.0,MONDAY,12,Y,1,,,,XNA,Approved,-1085,XNA,XAP,Unaccompanied,Repeater,XNA,Cash,walk-in,Credit and cash offices,-1,XNA,24.0,high,Cash Street: high,365243.0,-1055.0,-365.0,-1025.0,-1016.0,1.0
2134202,100055,Consumer loans,11150.595,109309.5,108765.0,10935.0,109309.5,FRIDAY,8,Y,1,0.0994921394395078,,,XAP,Approved,-784,XNA,XAP,Family,Refreshed,Computers,POS,XNA,Stone,160,Consumer electronics,12.0,middle,POS household with interest,365243.0,-753.0,-423.0,-423.0,-418.0,0.0
1514918,100049,Consumer loans,5791.725,33250.5,41251.5,0.0,33250.5,MONDAY,11,Y,1,0.0,,,XAP,Approved,-1480,Cash through the bank,XAP,Children,Repeater,Mobile,POS,XNA,Country-wide,30,Connectivity,10.0,high,POS mobile with interest,365243.0,-1450.0,-1180.0,-1180.0,-1172.0,1.0
1021215,100047,Cash loans,31674.87,675000.0,744498.0,,675000.0,FRIDAY,11,Y,1,,,,XNA,Refused,-1075,Cash through the bank,LIMIT,Family,Repeater,XNA,Cash,walk-in,Credit and cash offices,-1,XNA,36.0,low_normal,Cash Street: low,,,,,,
2218188,100008,Consumer loans,17885.835,162598.5,162598.5,0.0,162598.5,THURSDAY,10,Y,1,0.0,,,XAP,Approved,-370,Cash through the bank,XAP,,Repeater,Consumer Electronics,POS,XNA,Country-wide,110,Consumer electronics,10.0,low_normal,POS household with interest,365243.0,-339.0,-69.0,-69.0,-66.0,0.0
2447872,100027,Consumer loans,28077.57,226984.5,239467.5,0.0,226984.5,MONDAY,16,Y,1,0.0,,,XAP,Approved,-795,Cash through the bank,XAP,Family,New,Computers,POS,XNA,Country-wide,2200,Consumer electronics,10.0,middle,POS household with interest,365243.0,-764.0,-494.0,-494.0,-488.0,0.0
1194857,100061,Cash loans,44223.12,765000.0,830637.0,,765000.0,TUESDAY,11,Y,1,,,,XNA,Approved,-709,XNA,XAP,,Repeater,XNA,Cash,x-sell,Credit and cash offices,-1,XNA,30.0,middle,Cash X-Sell: middle,365243.0,-679.0,191.0,-49.0,-46.0,1.0
2500673,100035,Cash loans,37279.665,540000.0,582768.0,,540000.0,WEDNESDAY,15,Y,1,,,,XNA,Approved,-777,Cash through the bank,XAP,Unaccompanied,Repeater,XNA,Cash,x-sell,Credit and cash offices,-1,XNA,24.0,middle,Cash X-Sell: middle,365243.0,-747.0,-57.0,-627.0,-618.0,1.0
1772508,100026,Cash loans,42778.845,675000.0,744498.0,,675000.0,FRIDAY,7,Y,1,,,,XNA,Approved,-468,Cash through the bank,XAP,,Refreshed,XNA,Cash,x-sell,Credit and cash offices,-1,XNA,36.0,high,Cash X-Sell: high,365243.0,-438.0,612.0,-408.0,-377.0,1.0
2197792,100030,Consumer loans,,33250.5,33250.5,0.0,33250.5,WEDNESDAY,12,Y,1,0.0,,,XAP,Refused,-1788,Cash through the bank,LIMIT,Children,Refreshed,Mobile,XNA,XNA,Country-wide,50,Connectivity,,XNA,POS mobile with interest,,,,,,
1787234,100059,Revolving loans,4500.0,90000.0,90000.0,,90000.0,FRIDAY,17,Y,1,,,,XAP,Approved,-326,XNA,XAP,Unaccompanied,Repeater,XNA,Cards,x-sell,Credit and cash offices,-1,XNA,0.0,XNA,Card X-Sell,365243.0,365243.0,365243.0,365243.0,-154.0,0.0
1466167,100016,Consumer loans,6725.205,47115.0,42403.5,4711.5,47115.0,MONDAY,12,Y,1,0.1089090909090909,,,XAP,Approved,-2370,Cash through the bank,XAP,Unaccompanied,Repeater,Consumer Electronics,POS,XNA,Stone,200,Consumer electronics,8.0,high,POS household with interest,,,,,,
1356946,100062,Cash loans,,0.0,0.0,,,TUESDAY,19,Y,1,,,,XNA,Canceled,-295,XNA,XAP,,Repeater,XNA,XNA,XNA,Contact center,-1,XNA,,XNA,Cash,,,,,,
1035321,100047,Consumer loans,4586.895,38205.0,34384.5,3820.5,38205.0,SUNDAY,12,Y,1,0.1089090909090909,,,XAP,Approved,-2634,Cash through the bank,XAP,"Spouse, partner",New,Photo / Cinema Equipment,POS,XNA,Country-wide,27,Connectivity,10.0,low_normal,POS mobile with interest,365243.0,-2601.0,-2331.0,-2331.0,-2326.0,0.0
2314167,100045,Consumer loans,8334.405,80995.5,91687.5,0.0,80995.5,FRIDAY,13,Y,1,0.0,,,XAP,Approved,-1869,Cash through the bank,XAP,Unaccompanied,Repeater,Audio/Video,POS,XNA,Country-wide,3063,Consumer electronics,16.0,high,POS household with interest,365243.0,-1838.0,-1388.0,-1388.0,-1384.0,0.0
2803221,100045,Consumer loans,9011.61,72445.5,80811.0,0.0,72445.5,FRIDAY,15,Y,1,0.0,,,XAP,Approved,-1491,Cash through the bank,XAP,Family,Repeater,Photo / Cinema Equipment,POS,XNA,Country-wide,50,Connectivity,14.0,high,POS mobile with interest,365243.0,-1460.0,-1070.0,-1070.0,-1062.0,0.0
2339761,100063,Cash loans,24650.1,450000.0,512370.0,,450000.0,THURSDAY,19,Y,1,,,,XNA,Approved,-753,XNA,XAP,,Repeater,XNA,Cash,x-sell,Contact center,-1,XNA,36.0,middle,Cash X-Sell: middle,365243.0,-723.0,327.0,365243.0,365243.0,0.0
1753751,100043,Consumer loans,63933.435,1575000.0,1384740.0,315000.0,1575000.0,MONDAY,14,Y,1,0.2018330076150684,,,XAP,Refused,-31,XNA,LIMIT,,XNA,Furniture,POS,XNA,Stone,100,XNA,36.0,middle,POS industry with interest,,,,,,
2067446,100051,Cash loans,,0.0,0.0,,,THURSDAY,18,Y,1,,,,XNA,Refused,-349,XNA,SCOFR,,Repeater,XNA,XNA,XNA,Credit and cash offices,-1,XNA,,XNA,Cash,,,,,,
1196843,100037,Consumer loans,16838.37,153877.5,167080.5,0.0,153877.5,SUNDAY,7,Y,1,0.0,,,XAP,Refused,-539,XNA,HC,,Refreshed,Computers,POS,XNA,Country-wide,2000,Consumer electronics,12.0,middle,POS household with interest,,,,,,
2179840,100030,Consumer loans,9035.685,47241.0,49734.0,0.0,47241.0,SATURDAY,12,Y,1,0.0,,,XAP,Approved,-378,Cash through the bank,XAP,,Refreshed,Consumer Electronics,POS,XNA,Regional / Local,500,Consumer electronics,6.0,middle,POS household with interest,365243.0,-347.0,-197.0,-227.0,-223.0,0.0
2073931,100018,Consumer loans,6832.89,48510.0,56196.0,0.0,48510.0,MONDAY,16,Y,1,0.0,,,XAP,Approved,-196,Cash through the bank,XAP,,XNA,Mobile,POS,XNA,Country-wide,30,Connectivity,12.0,high,POS mobile with interest,,,,,,
1583574,100030,Consumer loans,,36720.0,36720.0,0.0,36720.0,FRIDAY,16,Y,1,0.0,,,XAP,Refused,-1849,Cash through the bank,LIMIT,Children,Refreshed,Mobile,XNA,XNA,Country-wide,50,Connectivity,,XNA,POS mobile with interest,,,,,,
1297562,100035,Cash loans,,0.0,0.0,,,MONDAY,13,Y,1,,,,XNA,Refused,-156,XNA,HC,,Repeater,XNA,XNA,XNA,Credit and cash offices,-1,XNA,,XNA,Cash,,,,,,
1319299,100022,Consumer loans,6765.975,89091.0,103203.0,0.0,89091.0,THURSDAY,18,Y,1,0.0,,,XAP,Approved,-239,Cash through the bank,XAP,Unaccompanied,New,Audio/Video,POS,XNA,Stone,-1,Consumer electronics,18.0,low_normal,POS household with interest,365243.0,-209.0,301.0,365243.0,365243.0,1.0
1737706,100043,Consumer loans,62464.5,1575000.0,1575000.0,0.0,1575000.0,MONDAY,13,Y,1,0.0,,,XAP,Refused,-31,XNA,HC,,XNA,Furniture,POS,XNA,Stone,100,XNA,36.0,low_normal,POS industry with interest,,,,,,
2052027,100045,Cash loans,50575.23,1170000.0,1271929.5,,1170000.0,WEDNESDAY,14,Y,1,,,,XNA,Approved,-1017,Cash through the bank,XAP,Family,Repeater,XNA,Cash,x-sell,Credit and cash offices,-1,XNA,36.0,low_normal,Cash X-Sell: low,365243.0,-987.0,63.0,-267.0,-264.0,1.0
2743024,100053,Revolving loans,,0.0,0.0,,,MONDAY,10,Y,1,,,,XAP,Canceled,-49,XNA,XAP,,Repeater,XNA,XNA,XNA,Credit and cash offices,0,XNA,,XNA,Card Street,,,,,,
1709238,100059,Revolving loans,4500.0,90000.0,855000.0,,90000.0,FRIDAY,15,N,0,,,,XAP,Refused,-326,XNA,HC,Unaccompanied,Repeater,XNA,Cards,x-sell,Credit and cash offices,-1,XNA,0.0,XNA,Card X-Sell,,,,,,
1837863,100059,Cash loans,,0.0,0.0,,,FRIDAY,15,Y,1,,,,XNA,Canceled,-326,XNA,XAP,,Repeater,XNA,XNA,XNA,Credit and cash offices,-1,XNA,,XNA,Cash,,,,,,
1348171,100043,Consumer loans,83916.0,1575000.0,1575000.0,0.0,1575000.0,MONDAY,13,Y,1,0.0,,,XAP,Refused,-31,XNA,HC,,XNA,Furniture,POS,XNA,Stone,100,XNA,24.0,low_normal,POS industry with interest,,,,,,
1191663,100060,Cash loans,12177.0,180000.0,180000.0,,180000.0,FRIDAY,13,Y,1,,,,Repairs,Approved,-466,Cash through the bank,XAP,,New,XNA,Cash,walk-in,Credit and cash offices,-1,XNA,36.0,high,Cash Street: high,365243.0,-436.0,614.0,-316.0,-310.0,0.0
1430602,100011,Consumer loans,14614.335,135931.5,134446.5,13594.5,135931.5,MONDAY,17,Y,1,0.10001044550926,,,XAP,Approved,-2508,Cash through the bank,XAP,Children,New,Computers,POS,XNA,Country-wide,1371,Consumer electronics,12.0,high,POS household with interest,365243.0,-2477.0,-2147.0,-2147.0,-1186.0,1.0
1213820,100021,Consumer loans,7424.865,71950.5,79546.5,0.0,71950.5,SATURDAY,15,Y,1,0.0,,,XAP,Approved,-261,Cash through the bank,XAP,"Spouse, partner",Repeater,Computers,POS,XNA,Country-wide,6000,Consumer electronics,12.0,low_normal,POS household with interest,365243.0,-230.0,100.0,365243.0,365243.0,0.0
1223113,100046,Cash loans,28390.635,337500.0,407911.5,,337500.0,MONDAY,13,Y,1,,,,Repairs,Approved,-539,Cash through the bank,XAP,Unaccompanied,New,XNA,Cash,walk-in,Credit and cash offices,-1,XNA,18.0,low_normal,Cash Street: low,365243.0,-509.0,1.0,365243.0,365243.0,1.0
1029269,100039,Consumer loans,5074.29,24709.095,25929.0,4.095,24709.095,SUNDAY,16,Y,1,0.0001719743544967,,,XAP,Approved,-1797,Cash through the bank,XAP,Unaccompanied,Repeater,Audio/Video,POS,XNA,Country-wide,4300,Consumer electronics,6.0,high,POS household with interest,365243.0,-1766.0,-1616.0,-1616.0,-1608.0,0.0
1265862,100030,Consumer loans,2826.45,33660.0,30294.0,3366.0,33660.0,SATURDAY,7,Y,1,0.1089090909090909,,,XAP,Refused,-2688,XNA,SCO,Unaccompanied,Repeater,XNA,POS,XNA,Stone,30,Furniture,12.0,low_normal,POS industry with interest,,,,,,
2425547,100021,Consumer loans,10248.615,99189.0,98694.0,9922.5,99189.0,FRIDAY,19,Y,1,0.0994922921052928,,,XAP,Approved,-850,Cash through the bank,XAP,Unaccompanied,Refreshed,Computers,POS,XNA,Country-wide,6000,Consumer electronics,12.0,middle,POS household with interest,365243.0,-819.0,-489.0,-669.0,-657.0,0.0
2340827,100063,Consumer loans,12495.24,166410.0,188487.0,0.0,166410.0,MONDAY,18,Y,1,0.0,,,XAP,Approved,-1547,Cash through the bank,XAP,"Spouse, partner",New,Computers,POS,XNA,Country-wide,5,Consumer electronics,18.0,low_normal,POS household with interest,365243.0,-1516.0,-1006.0,-1336.0,-1331.0,0.0
1077565,100039,Cash loans,52513.515,1350000.0,1487214.0,,1350000.0,MONDAY,14,Y,1,,,,Buying a used car,Approved,-695,Cash through the bank,XAP,Unaccompanied,Refreshed,XNA,Cash,walk-in,Channel of corporate sales,-1,XNA,42.0,low_normal,Cash Street: low,365243.0,-665.0,565.0,-455.0,-446.0,1.0
2023031,100025,Consumer loans,17682.975,95625.0,95625.0,0.0,95625.0,MONDAY,17,Y,1,0.0,,,XAP,Approved,-7,Cash through the bank,XAP,Unaccompanied,Repeater,Furniture,POS,XNA,Stone,40,Furniture,6.0,middle,POS other with interest,365243.0,365243.0,176.0,365243.0,365243.0,0.0
2256622,100054,Consumer loans,8896.23,95310.0,95310.0,0.0,95310.0,SATURDAY,14,Y,1,0.0,,,XAP,Approved,-480,Cash through the bank,XAP,Unaccompanied,Repeater,Computers,POS,XNA,Stone,19,Consumer electronics,12.0,low_normal,POS household with interest,365243.0,-445.0,-115.0,-115.0,-108.0,0.0
1997429,100050,Revolving loans,,0.0,0.0,,,WEDNESDAY,9,Y,1,,,,XAP,Canceled,-231,XNA,XAP,,Repeater,XNA,XNA,XNA,Credit and cash offices,-1,XNA,,XNA,Card Street,,,,,,
1548007,100061,Cash loans,26472.24,225000.0,239850.0,,225000.0,MONDAY,12,Y,1,,,,XNA,Approved,-1221,XNA,XAP,Unaccompanied,Repeater,XNA,Cash,x-sell,Credit and cash offices,-1,XNA,12.0,high,Cash X-Sell: high,365243.0,-1191.0,-861.0,-861.0,-857.0,1.0
1810518,100003,Cash loans,98356.995,900000.0,1035882.0,,900000.0,FRIDAY,12,Y,1,,,,XNA,Approved,-746,XNA,XAP,Unaccompanied,Repeater,XNA,Cash,x-sell,Credit and cash offices,-1,XNA,12.0,low_normal,Cash X-Sell: low,365243.0,-716.0,-386.0,-536.0,-527.0,1.0
2274957,100035,Cash loans,,0.0,0.0,,,WEDNESDAY,13,Y,1,,,,XNA,Canceled,-119,XNA,XAP,,Repeater,XNA,XNA,XNA,Credit and cash offices,-1,XNA,,XNA,Cash,,,,,,
1757431,100008,Cash loans,,0.0,0.0,,,FRIDAY,18,Y,1,,,,XNA,Canceled,-82,XNA,XAP,,Repeater,XNA,XNA,XNA,Credit and cash offices,-1,XNA,,XNA,Cash,,,,,,
1186888,100008,Consumer loans,8019.09,44455.5,39955.5,4500.0,44455.5,MONDAY,13,Y,1,0.1102430315913462,,,XAP,Approved,-2536,Cash through the bank,XAP,,New,Mobile,POS,XNA,Country-wide,50,Connectivity,6.0,low_normal,POS mobile with interest,365243.0,-2491.0,-2341.0,-2341.0,-2334.0,0.0
1458794,100059,Consumer loans,13191.03,46304.55,46300.5,4.05,46304.55,WEDNESDAY,19,Y,1,9.525669036451454e-05,,,XAP,Refused,-2750,Cash through the bank,SCO,Family,Repeater,XNA,POS,XNA,Country-wide,3500,Consumer electronics,4.0,high,POS household with interest,,,,,,
2827850,100006,Revolving loans,,0.0,0.0,,,THURSDAY,15,Y,1,,,,XAP,Canceled,-181,XNA,XAP,,Repeater,XNA,XNA,XNA,Credit and cash offices,-1,XNA,,XNA,Card Street,,,,,,
2704445,100018,Consumer loans,94906.035,536364.0,536364.0,0.0,536364.0,SATURDAY,14,Y,1,0.0,,,XAP,Approved,-989,Cash through the bank,XAP,Family,Repeater,Construction Materials,POS,XNA,Regional / Local,1200,Construction,6.0,low_normal,POS industry with interest,365243.0,-955.0,-805.0,-787.0,-784.0,0.0
1748547,100062,Cash loans,29745.0,900000.0,900000.0,,900000.0,WEDNESDAY,13,Y,1,,,,XNA,Approved,-295,Cash through the bank,XAP,Unaccompanied,Repeater,XNA,Cash,x-sell,Credit and cash offices,-1,XNA,48.0,low_normal,Cash X-Sell: low,365243.0,-265.0,1145.0,365243.0,365243.0,0.0
1366913,100048,Cash loans,46850.265,540000.0,649345.5,,540000.0,FRIDAY,12,Y,1,,,,XNA,Approved,-458,Cash through the bank,XAP,,Repeater,XNA,Cash,x-sell,Credit and cash offices,-1,XNA,18.0,middle,Cash X-Sell: middle,365243.0,-428.0,82.0,-308.0,-302.0,1.0
1692033,100007,Cash loans,16037.64,247500.0,274288.5,,247500.0,MONDAY,11,Y,1,,,,XNA,Approved,-374,Cash through the bank,XAP,,Repeater,XNA,Cash,x-sell,Credit and cash offices,-1,XNA,24.0,middle,Cash X-Sell: middle,365243.0,-344.0,346.0,365243.0,365243.0,1.0
2164190,100012,Cash loans,11188.035,135000.0,158508.0,,135000.0,FRIDAY,13,Y,1,,,,XNA,Approved,-832,Cash through the bank,XAP,Unaccompanied,Repeater,XNA,Cash,x-sell,Credit and cash offices,-1,XNA,24.0,high,Cash X-Sell: high,365243.0,-802.0,-112.0,-142.0,-137.0,1.0
2404485,100062,Cash loans,23278.095,679500.0,796104.0,,679500.0,TUESDAY,10,Y,1,,,,XNA,Approved,-296,Cash through the bank,XAP,Unaccompanied,Repeater,XNA,Cash,x-sell,Contact center,-1,XNA,60.0,low_normal,Cash X-Sell: low,,,,,,
1874778,100056,Cash loans,21678.705,405000.0,506038.5,0.0,405000.0,MONDAY,11,Y,1,0.0,,,XNA,Approved,-2166,Cash through the bank,XAP,,Repeater,XNA,Cash,x-sell,Country-wide,-1,Consumer electronics,54.0,middle,Cash Street: middle,365243.0,-2136.0,-546.0,-546.0,-543.0,1.0
1560053,100049,Consumer loans,4543.11,41305.5,40855.5,4131.0,41305.5,SUNDAY,8,Y,1,0.1000085480189511,,,XAP,Approved,-2426,Cash through the bank,XAP,Family,New,Mobile,POS,XNA,Country-wide,35,Connectivity,12.0,high,POS mobile with interest,365243.0,-2395.0,-2065.0,-2065.0,-2062.0,1.0
1883850,100030,Consumer loans,6176.925,33660.0,30294.0,3366.0,33660.0,THURSDAY,10,Y,1,0.1089090909090909,,,XAP,Refused,-2193,XNA,LIMIT,Unaccompanied,Repeater,Furniture,POS,XNA,Stone,30,Furniture,6.0,high,POS industry with interest,,,,,,
1625550,100030,Consumer loans,,21969.225,21969.225,0.0,21969.225,SATURDAY,13,Y,1,0.0,,,XAP,Refused,-840,Cash through the bank,LIMIT,,Refreshed,Mobile,XNA,XNA,Country-wide,50,Connectivity,,XNA,POS mobile with interest,,,,,,
1131053,100023,Consumer loans,8519.13,78705.0,76680.0,7870.5,78705.0,SATURDAY,10,Y,1,0.101379530576401,,,XAP,Approved,-2424,Cash through the bank,XAP,"Spouse, partner",Repeater,Consumer Electronics,POS,XNA,Country-wide,1500,Consumer electronics,10.0,low_normal,POS household without interest,365243.0,-2393.0,-2123.0,-2183.0,-2178.0,1.0
2227125,100009,Consumer loans,8821.26,46876.5,44694.0,4689.0,46876.5,WEDNESDAY,13,Y,1,0.1034110376592607,,,XAP,Approved,-305,Cash through the bank,XAP,Unaccompanied,Repeater,Mobile,POS,XNA,Country-wide,18,Connectivity,6.0,high,POS mobile with interest,365243.0,-274.0,-124.0,-124.0,-119.0,0.0
2613879,100008,Cash loans,25309.575,450000.0,501975.0,,450000.0,MONDAY,10,Y,1,,,,XNA,Approved,-639,Cash through the bank,XAP,Unaccompanied,Refreshed,XNA,Cash,x-sell,Country-wide,110,Consumer electronics,30.0,middle,Cash X-Sell: middle,365243.0,-609.0,261.0,-399.0,-388.0,1.0
2063227,100044,Cash loans,29545.2,652500.0,652500.0,,652500.0,TUESDAY,12,Y,1,,,,XNA,Approved,-1522,Cash through the bank,XAP,Unaccompanied,Repeater,XNA,Cash,x-sell,Credit and cash offices,0,XNA,48.0,middle,Cash X-Sell: middle,365243.0,-1492.0,-82.0,-922.0,-915.0,0.0
1443849,100062,Cash loans,,0.0,0.0,,,TUESDAY,14,Y,1,,,,XNA,Refused,-296,XNA,HC,,Repeater,XNA,XNA,XNA,Credit and cash offices,-1,XNA,,XNA,Cash,,,,,,
1187878,100034,Consumer loans,21281.13,121455.0,115083.0,12145.5,121455.0,MONDAY,19,Y,1,0.1039669070716359,,,XAP,Approved,-288,Cash through the bank,XAP,Unaccompanied,Repeater,Computers,POS,XNA,Regional / Local,126,Consumer electronics,6.0,middle,POS household with interest,365243.0,-257.0,-107.0,-167.0,-163.0,0.0
1811514,100027,Cash loans,21569.22,202500.0,215865.0,,202500.0,WEDNESDAY,13,Y,1,,,,XNA,Approved,-471,Cash through the bank,XAP,,Repeater,XNA,Cash,x-sell,Country-wide,19,Connectivity,12.0,middle,Cash X-Sell: middle,365243.0,-441.0,-111.0,-111.0,-103.0,1.0
2190416,100006,Consumer loans,29027.52,334917.0,267930.0,66987.0,334917.0,SUNDAY,15,Y,1,0.2178298883821148,,,XAP,Approved,-311,Cash through the bank,XAP,Family,Repeater,Audio/Video,POS,XNA,Country-wide,8025,Consumer electronics,12.0,high,POS household with interest,365243.0,-281.0,49.0,365243.0,365243.0,0.0
1176822,100018,Consumer loans,48759.525,571774.5,514593.0,57181.5,571774.5,FRIDAY,16,Y,1,0.1089168051708877,,,XAP,Approved,-1648,Cash through the bank,XAP,"Spouse, partner",New,Construction Materials,POS,XNA,Regional / Local,1200,Construction,12.0,low_normal,POS industry with interest,365243.0,-1613.0,-1283.0,-1283.0,-1275.0,0.0
1886236,100035,Cash loans,,0.0,0.0,,,THURSDAY,10,Y,1,,,,XNA,Canceled,-125,XNA,XAP,,Repeater,XNA,XNA,XNA,Credit and cash offices,-1,XNA,,XNA,Cash,,,,,,
1251047,100016,Consumer loans,14480.46,290250.0,232200.0,58050.0,290250.0,SATURDAY,14,Y,1,0.2178181818181818,,,XAP,Approved,-1049,Cash through the bank,XAP,"Spouse, partner",Repeater,Clothing and Accessories,POS,XNA,Stone,150,Clothing,24.0,middle,POS industry with interest,365243.0,-1017.0,-327.0,-537.0,-530.0,0.0
1239349,100025,Cash loans,39798.99,452782.755,479679.255,,452782.755,TUESDAY,11,Y,1,,,,XNA,Approved,-888,Cash through the bank,XAP,Unaccompanied,Repeater,XNA,Cash,x-sell,Credit and cash offices,-1,XNA,18.0,high,Cash Street: high,365243.0,-858.0,-348.0,-678.0,-664.0,1.0
1845095,100052,Consumer loans,4364.595,20160.0,21226.5,0.0,20160.0,MONDAY,9,Y,1,0.0,,,XAP,Approved,-462,Cash through the bank,XAP,,New,Mobile,POS,XNA,Country-wide,10,Connectivity,6.0,high,POS mobile with interest,365243.0,-431.0,-281.0,-311.0,-302.0,0.0
1227828,100062,Cash loans,26316.0,900000.0,900000.0,,900000.0,TUESDAY,19,Y,1,,,,XNA,Canceled,-295,XNA,XAP,Unaccompanied,Repeater,XNA,Cash,x-sell,Contact center,-1,XNA,60.0,low_normal,Cash X-Sell: low,,,,,,
1038818,100002,Consumer loans,9251.775,179055.0,179055.0,0.0,179055.0,SATURDAY,9,Y,1,0.0,,,XAP,Approved,-606,XNA,XAP,,New,Vehicles,POS,XNA,Stone,500,Auto technology,24.0,low_normal,POS other with interest,365243.0,-565.0,125.0,-25.0,-17.0,0.0
1698819,100059,Consumer loans,145794.6,1305000.0,1305000.0,0.0,1305000.0,SATURDAY,12,Y,1,0.0,,,XAP,Refused,-213,Cash through the bank,LIMIT,Family,Repeater,Clothing and Accessories,POS,XNA,Stone,50,Clothing,10.0,low_normal,POS industry with interest,,,,,,
1344613,100035,Cash loans,33238.8,1260000.0,1260000.0,,1260000.0,WEDNESDAY,14,Y,1,,,,Payments on other loans,Refused,-119,Cash through the bank,HC,Unaccompanied,Repeater,XNA,Cash,walk-in,Credit and cash offices,-1,XNA,60.0,low_action,Cash Street: low,,,,,,
1489396,100006,Revolving loans,13500.0,270000.0,270000.0,,270000.0,THURSDAY,15,Y,1,,,,XAP,Approved,-181,XNA,XAP,Unaccompanied,Repeater,XNA,Cards,x-sell,Credit and cash offices,-1,XNA,0.0,XNA,Card X-Sell,365243.0,365243.0,365243.0,365243.0,365243.0,0.0
1836452,100039,Cash loans,,0.0,0.0,,,FRIDAY,11,Y,1,,,,XNA,Canceled,-91,XNA,XAP,,Repeater,XNA,XNA,XNA,Credit and cash offices,-1,XNA,,XNA,Cash,,,,,,
2019479,100035,Cash loans,,0.0,0.0,,,THURSDAY,11,Y,1,,,,XNA,Refused,-160,XNA,HC,,Repeater,XNA,XNA,XNA,Credit and cash offices,-1,XNA,,XNA,Cash,,,,,,
1907290,100008,Consumer loans,12144.285,121455.0,109309.5,12145.5,121455.0,MONDAY,9,Y,1,0.1089090909090909,,,XAP,Approved,-2333,Cash through the bank,XAP,,Repeater,Gardening,POS,XNA,Regional / Local,96,Consumer electronics,10.0,low_normal,POS household with interest,365243.0,-2299.0,-2029.0,-2029.0,-703.0,0.0
1212261,100053,Cash loans,10720.35,90000.0,95940.0,,90000.0,MONDAY,9,Y,1,,,,XNA,Approved,-350,Cash through the bank,XAP,,Repeater,XNA,Cash,x-sell,Credit and cash offices,-1,XNA,12.0,high,Cash X-Sell: high,365243.0,-320.0,10.0,365243.0,365243.0,1.0
2621538,100036,Revolving loans,2250.0,45000.0,45000.0,,45000.0,THURSDAY,18,Y,1,,,,XAP,Approved,-397,XNA,XAP,,New,XNA,Cards,walk-in,Country-wide,10000,Consumer electronics,0.0,XNA,Card Street,365243.0,365243.0,365243.0,365243.0,365243.0,0.0
2480304,100012,Cash loans,9482.355,90000.0,114273.0,,90000.0,MONDAY,15,Y,1,,,,XNA,Approved,-507,Cash through the bank,XAP,,Repeater,XNA,Cash,x-sell,Credit and cash offices,-1,XNA,18.0,high,Cash X-Sell: high,365243.0,-477.0,33.0,-147.0,-144.0,1.0
1905091,100035,Cash loans,16819.74,180000.0,239238.0,,180000.0,MONDAY,8,Y,1,,,,XNA,Approved,-723,Cash through the bank,XAP,Unaccompanied,Repeater,XNA,Cash,x-sell,Credit and cash offices,0,XNA,24.0,high,Cash X-Sell: high,365243.0,-693.0,-3.0,-633.0,-618.0,1.0
2375139,100035,Cash loans,,0.0,0.0,,,MONDAY,12,Y,1,,,,XNA,Refused,-142,XNA,HC,,Repeater,XNA,XNA,XNA,Credit and cash offices,-1,XNA,,XNA,Cash,,,,,,
1334240,100037,Consumer loans,5305.995,38385.0,45720.0,1935.0,38385.0,SATURDAY,11,Y,1,0.0442218216155893,,,XAP,Approved,-1702,XNA,XAP,Family,Repeater,Audio/Video,POS,XNA,Stone,39,Connectivity,12.0,high,POS mobile with interest,365243.0,-1671.0,-1341.0,-1551.0,-1547.0,0.0
1068253,100063,Cash loans,26738.775,270000.0,393322.5,,270000.0,MONDAY,12,Y,1,,,,Buying a used car,Refused,-546,Cash through the bank,LIMIT,,Repeater,XNA,Cash,walk-in,Credit and cash offices,-1,XNA,36.0,high,Cash Street: high,,,,,,
1823225,100054,Consumer loans,5300.73,62325.0,56092.5,6232.5,62325.0,SATURDAY,14,Y,1,0.1089090909090909,,,XAP,Refused,-1138,Cash through the bank,LIMIT,Unaccompanied,Repeater,Computers,POS,XNA,Stone,19,Consumer electronics,12.0,low_normal,POS household with interest,,,,,,
1564014,100004,Consumer loans,5357.25,24282.0,20106.0,4860.0,24282.0,FRIDAY,5,Y,1,0.2120076030674443,,,XAP,Approved,-815,Cash through the bank,XAP,Unaccompanied,New,Mobile,POS,XNA,Regional / Local,30,Connectivity,4.0,middle,POS mobile without interest,365243.0,-784.0,-694.0,-724.0,-714.0,0.0
1168900,100051,Consumer loans,6887.16,136620.0,152068.5,0.0,136620.0,SUNDAY,12,Y,1,0.0,,,XAP,Approved,-556,Cash through the bank,XAP,,New,Computers,POS,XNA,Country-wide,533,Consumer electronics,24.0,low_action,POS household without interest,365243.0,-525.0,165.0,365243.0,365243.0,0.0
2696022,100059,Revolving loans,,0.0,0.0,,,FRIDAY,17,Y,1,,,,XAP,Canceled,-326,XNA,XAP,,Repeater,XNA,XNA,XNA,Credit and cash offices,-1,XNA,,XNA,Card Street,,,,,,
1060558,100048,Revolving loans,11250.0,225000.0,225000.0,,225000.0,THURSDAY,10,Y,1,,,,XAP,Approved,-949,XNA,XAP,,New,XNA,Cards,walk-in,Credit and cash offices,-1,XNA,0.0,XNA,Card Street,-921.0,-878.0,365243.0,365243.0,365243.0,0.0
2421381,100009,Consumer loans,7435.845,47160.0,39721.5,9432.0,47160.0,SUNDAY,11,Y,1,0.208984211796626,,,XAP,Approved,-826,Cash through the bank,XAP,Family,Repeater,Photo / Cinema Equipment,POS,XNA,Regional / Local,164,Consumer electronics,6.0,middle,POS household with interest,365243.0,-795.0,-645.0,-645.0,-636.0,0.0
1717648,100052,Consumer loans,6304.905,27175.5,30663.0,0.0,27175.5,THURSDAY,9,Y,1,0.0,,,XAP,Approved,-298,Cash through the bank,XAP,Family,Repeater,Computers,POS,XNA,Country-wide,10,Connectivity,6.0,high,POS mobile with interest,365243.0,-266.0,-116.0,-176.0,-169.0,0.0
1338206,100025,Consumer loans,25532.415,121500.0,137367.0,0.0,121500.0,MONDAY,15,Y,1,0.0,,,XAP,Approved,-7,Cash through the bank,XAP,Unaccompanied,Repeater,Consumer Electronics,POS,XNA,Stone,20,Consumer electronics,6.0,middle,POS mobile with interest,,,,,,
1794209,100050,Revolving loans,9000.0,180000.0,180000.0,,180000.0,WEDNESDAY,9,Y,1,,,,XAP,Approved,-231,XNA,XAP,Unaccompanied,Repeater,XNA,Cards,x-sell,Credit and cash offices,-1,XNA,0.0,XNA,Card X-Sell,365243.0,365243.0,365243.0,365243.0,-23.0,0.0
2694660,100035,Cash loans,,0.0,0.0,,,FRIDAY,11,Y,1,,,,XNA,Canceled,-124,XNA,XAP,,Repeater,XNA,XNA,XNA,Credit and cash offices,-1,XNA,,XNA,Cash,,,,,,
2454202,100023,Cash loans,16822.44,180000.0,239242.5,,180000.0,FRIDAY,9,Y,1,,,,XNA,Approved,-262,Cash through the bank,XAP,Unaccompanied,Repeater,XNA,Cash,x-sell,AP+ (Cash loan),4,XNA,24.0,high,Cash X-Sell: high,365243.0,-232.0,458.0,-142.0,-134.0,1.0
1965432,100035,Cash loans,,0.0,0.0,,,FRIDAY,9,Y,1,,,,XNA,Canceled,-124,XNA,XAP,,Repeater,XNA,XNA,XNA,Credit and cash offices,-1,XNA,,XNA,Cash,,,,,,
2455539,100043,Consumer loans,49034.655,1125000.0,1236375.0,0.0,1125000.0,TUESDAY,14,Y,1,0.0,,,XAP,Refused,-23,XNA,LIMIT,,Repeater,Furniture,POS,XNA,Stone,100,Industry,36.0,low_normal,POS industry with interest,,,,,,
1251951,100018,Consumer loans,4180.365,36805.365,36805.365,0.0,36805.365,TUESDAY,15,Y,1,0.0,,,XAP,Approved,-188,Cash through the bank,XAP,,Repeater,Mobile,POS,XNA,Country-wide,48,Connectivity,10.0,low_normal,POS mobile without interest,365243.0,-149.0,121.0,365243.0,365243.0,0.0
1562063,100017,Consumer loans,11783.52,195291.0,198409.5,22500.0,195291.0,FRIDAY,18,Y,1,0.1109257205079249,,,XAP,Approved,-612,Cash through the bank,XAP,"Spouse, partner",Refreshed,Audio/Video,POS,XNA,Country-wide,2500,Consumer electronics,24.0,middle,POS household with interest,365243.0,-581.0,109.0,365243.0,365243.0,0.0
1322806,100062,Consumer loans,66663.9,751500.0,705811.5,75150.0,751500.0,THURSDAY,10,Y,1,0.1048005334682718,,,XAP,Approved,-462,Cash through the bank,XAP,,Refreshed,Vehicles,POS,XNA,Country-wide,300,Auto technology,12.0,low_normal,POS other with interest,365243.0,-426.0,-96.0,-276.0,-270.0,0.0
1485871,100021,Consumer loans,4992.03,26100.0,27477.0,0.0,26100.0,SUNDAY,15,Y,1,0.0,,,XAP,Approved,-596,Cash through the bank,XAP,"Spouse, partner",Repeater,Audio/Video,POS,XNA,Regional / Local,200,Consumer electronics,6.0,middle,POS household with interest,365243.0,-565.0,-415.0,-505.0,-498.0,0.0
2636178,100003,Consumer loans,64567.665,337500.0,348637.5,0.0,337500.0,SUNDAY,17,Y,1,0.0,,,XAP,Approved,-828,Cash through the bank,XAP,Family,Refreshed,Furniture,POS,XNA,Stone,1400,Furniture,6.0,middle,POS industry with interest,365243.0,-797.0,-647.0,-647.0,-639.0,0.0
1701107,100026,Cash loans,,0.0,0.0,,,SATURDAY,6,Y,1,,,,XNA,Canceled,-152,XNA,XAP,,Repeater,XNA,XNA,XNA,Credit and cash offices,-1,XNA,,XNA,Cash,,,,,,
1843384,100011,Revolving loans,9000.0,0.0,180000.0,,,SATURDAY,10,Y,1,,,,XAP,Approved,-2279,XNA,XAP,,Repeater,XNA,Cards,x-sell,Contact center,0,XNA,0.0,XNA,Card X-Sell,-2277.0,-2229.0,365243.0,-1257.0,365243.0,0.0
1514468,100059,Cash loans,68565.375,337500.0,337500.0,,337500.0,FRIDAY,16,Y,1,,,,XNA,Approved,-1285,Cash through the bank,XAP,"Spouse, partner",Refreshed,XNA,Cash,walk-in,AP+ (Cash loan),-1,XNA,6.0,high,Cash Street: high,365243.0,-1255.0,-1105.0,-1195.0,-1192.0,0.0
2060141,100047,Cash loans,19197.0,450000.0,450000.0,,450000.0,FRIDAY,11,Y,1,,,,XNA,Approved,-1072,Cash through the bank,XAP,Family,Repeater,XNA,Cash,walk-in,Credit and cash offices,-1,XNA,36.0,low_normal,Cash Street: low,,,,,,
2119973,100007,Consumer loans,1834.29,17176.5,14616.0,3676.5,17176.5,SATURDAY,13,Y,1,0.2188898579894888,,,XAP,Approved,-2357,Cash through the bank,XAP,Family,New,Audio/Video,POS,XNA,Country-wide,1200,Consumer electronics,10.0,high,POS household with interest,365243.0,-2326.0,-2056.0,-2056.0,-2041.0,1.0
1499902,100023,Revolving loans,2250.0,45000.0,45000.0,,45000.0,WEDNESDAY,11,Y,1,,,,XAP,Approved,-327,XNA,XAP,,Refreshed,XNA,Cards,walk-in,AP+ (Cash loan),4,XNA,0.0,XNA,Card Street,365243.0,365243.0,365243.0,365243.0,365243.0,0.0
2832301,100055,Consumer loans,6922.98,37219.5,39186.0,0.0,37219.5,TUESDAY,6,Y,1,0.0,,,XAP,Approved,-353,XNA,XAP,,Repeater,Consumer Electronics,POS,XNA,Stone,160,Consumer electronics,6.0,low_normal,POS household with interest,365243.0,-322.0,-172.0,-322.0,-320.0,0.0
1496284,100039,Consumer loans,4450.68,20961.0,22000.5,0.0,20961.0,MONDAY,15,Y,1,0.0,,,XAP,Approved,-2398,Cash through the bank,XAP,Family,New,Audio/Video,POS,XNA,Country-wide,3303,Consumer electronics,6.0,high,POS household with interest,365243.0,-2367.0,-2217.0,-2277.0,-2273.0,1.0
1528842,100061,Cash loans,49219.74,720000.0,769419.0,,720000.0,FRIDAY,4,Y,1,,,,XNA,Approved,-797,Cash through the bank,XAP,Unaccompanied,Repeater,XNA,Cash,x-sell,Contact center,-1,XNA,24.0,middle,Cash X-Sell: middle,365243.0,-767.0,-77.0,-77.0,-67.0,1.0
2794143,100011,Cash loans,31295.25,675000.0,732915.0,0.0,675000.0,THURSDAY,11,Y,1,0.0,,,XNA,Approved,-1189,Cash through the bank,XAP,Unaccompanied,Repeater,XNA,Cash,walk-in,Credit and cash offices,-1,XNA,30.0,low_action,Cash Street: low,365243.0,-1159.0,-289.0,-289.0,-283.0,1.0
1137041,100044,Cash loans,12088.8,135000.0,148365.0,0.0,135000.0,TUESDAY,17,Y,1,0.0,,,XNA,Approved,-2600,Cash through the bank,XAP,Unaccompanied,New,XNA,Cash,x-sell,Credit and cash offices,0,XNA,18.0,high,Cash Street: high,365243.0,-2570.0,-2060.0,-2060.0,-2035.0,1.0
1229670,100059,Consumer loans,5621.355,62059.5,62059.5,0.0,62059.5,TUESDAY,16,Y,1,0.0,,,XAP,Approved,-539,Cash through the bank,XAP,,Repeater,Computers,POS,XNA,Country-wide,80,Consumer electronics,12.0,low_action,POS household without interest,365243.0,-508.0,-178.0,-448.0,-443.0,0.0
2299459,100059,Consumer loans,9917.01,49593.825,44631.0,4962.825,49593.825,MONDAY,15,Y,1,0.1089846889387759,,,XAP,Approved,-2808,Cash through the bank,XAP,Family,New,Consumer Electronics,POS,XNA,Country-wide,3500,Consumer electronics,5.0,middle,POS household without interest,365243.0,-2777.0,-2657.0,-2747.0,-2739.0,0.0
1020698,100006,Cash loans,39954.51,454500.0,481495.5,,454500.0,SATURDAY,12,Y,1,,,,XNA,Approved,-438,Cash through the bank,XAP,,Repeater,XNA,Cash,x-sell,Credit and cash offices,-1,XNA,18.0,high,Cash X-Sell: high,,,,,,
1786922,100041,Consumer loans,3268.485,15516.0,16285.5,0.0,15516.0,THURSDAY,12,Y,1,0.0,,,XAP,Approved,-2701,Cash through the bank,XAP,Family,New,Mobile,POS,XNA,Country-wide,156,Connectivity,6.0,high,POS mobile with interest,365243.0,-2670.0,-2520.0,-2520.0,-2509.0,1.0
1515914,100016,Consumer loans,6042.915,47115.0,51781.5,0.0,47115.0,MONDAY,12,Y,1,0.0,,,XAP,Approved,-2370,Cash through the bank,XAP,Unaccompanied,Repeater,Consumer Electronics,POS,XNA,Stone,200,Consumer electronics,12.0,high,POS household with interest,365243.0,-2339.0,-2009.0,-2009.0,-2007.0,1.0
1284590,100063,Consumer loans,12637.845,155668.5,137682.0,31135.5,155668.5,SUNDAY,15,Y,1,0.20086418765827,,,XAP,Approved,-456,Cash through the bank,XAP,"Spouse, partner",Repeater,Audio/Video,POS,XNA,Country-wide,2301,Consumer electronics,12.0,low_action,POS household without interest,365243.0,-425.0,-95.0,-335.0,-330.0,0.0
1027737,100015,Consumer loans,7666.92,68850.0,67077.0,6885.0,68850.0,WEDNESDAY,8,Y,1,0.1013816677360118,,,XAP,Approved,-2396,Cash through the bank,XAP,Family,New,Furniture,POS,XNA,Stone,110,Furniture,10.0,middle,POS industry with interest,365243.0,-2360.0,-2090.0,-2090.0,-2084.0,1.0
1026256,100054,Consumer loans,10349.91,102937.5,92641.5,10296.0,102937.5,WEDNESDAY,14,Y,1,0.1089328961748633,,,XAP,Approved,-287,Cash through the bank,XAP,,Repeater,Computers,POS,XNA,Stone,19,Consumer electronics,10.0,low_normal,POS household with interest,365243.0,-255.0,15.0,365243.0,365243.0,0.0
1461368,100040,Consumer loans,18984.24,367200.0,367200.0,0.0,367200.0,WEDNESDAY,14,Y,1,0.0,,,XAP,Approved,-1038,Cash through the bank,XAP,Unaccompanied,Refreshed,Clothing and Accessories,POS,XNA,Stone,10,Clothing,24.0,low_normal,POS industry with interest,365243.0,-1007.0,-317.0,-407.0,-397.0,0.0
1885254,100059,Cash loans,16294.5,450000.0,450000.0,,450000.0,FRIDAY,15,Y,1,,,,XNA,Approved,-326,Cash through the bank,XAP,Unaccompanied,Repeater,XNA,Cash,x-sell,Credit and cash offices,-1,XNA,48.0,low_normal,Cash X-Sell: low,365243.0,-296.0,1114.0,-56.0,-51.0,0.0
2006578,100014,Consumer loans,14045.625,73800.0,73800.0,0.0,73800.0,TUESDAY,14,Y,1,0.0,,,XAP,Approved,-102,XNA,XAP,,Repeater,Mobile,POS,XNA,Regional / Local,30,Consumer electronics,6.0,middle,POS other with interest,365243.0,-64.0,86.0,365243.0,365243.0,0.0
2396755,100003,Consumer loans,6737.31,68809.5,68053.5,6885.0,68809.5,SATURDAY,15,Y,1,0.1000605951425623,,,XAP,Approved,-2341,Cash through the bank,XAP,Family,Refreshed,Consumer Electronics,POS,XNA,Country-wide,200,Consumer electronics,12.0,middle,POS household with interest,365243.0,-2310.0,-1980.0,-1980.0,-1976.0,1.0
1243599,100006,Cash loans,,0.0,0.0,,,THURSDAY,15,Y,1,,,,XNA,Canceled,-181,XNA,XAP,,Repeater,XNA,XNA,XNA,Credit and cash offices,-1,XNA,,XNA,Cash,,,,,,
2462742,100007,Consumer loans,3601.53,31005.0,30663.0,3105.0,31005.0,SUNDAY,15,Y,1,0.1001429540608645,,,XAP,Approved,-1768,Cash through the bank,XAP,Unaccompanied,Repeater,Audio/Video,POS,XNA,Country-wide,53,Connectivity,12.0,high,POS mobile with interest,365243.0,-1736.0,-1406.0,-1406.0,-1397.0,0.0
1294812,100020,Consumer loans,8779.77,45900.0,48325.5,0.0,45900.0,MONDAY,11,Y,1,0.0,,,XAP,Approved,-472,XNA,XAP,,New,Consumer Electronics,POS,XNA,Stone,50,Consumer electronics,6.0,middle,POS household with interest,365243.0,-441.0,-291.0,-291.0,-284.0,0.0
2758602,100059,Consumer loans,11235.33,67418.28,63369.0,4049.28,67418.28,WEDNESDAY,19,Y,1,0.0654130309518966,,,XAP,Refused,-2750,Cash through the bank,SCO,Family,Repeater,XNA,POS,XNA,Country-wide,3500,Consumer electronics,6.0,low_normal,POS household without interest,,,,,,
2007057,100009,Consumer loans,7500.735,40455.0,38574.0,4045.5,40455.0,SUNDAY,11,Y,1,0.1033779671917144,,,XAP,Approved,-308,Cash through the bank,XAP,"Spouse, partner",Repeater,Mobile,POS,XNA,Regional / Local,164,Consumer electronics,6.0,high,POS household with interest,365243.0,-277.0,-127.0,-127.0,-119.0,0.0
2604720,100035,Cash loans,15499.125,135000.0,143910.0,,135000.0,THURSDAY,13,Y,1,,,,XNA,Approved,-818,Cash through the bank,XAP,Unaccompanied,Repeater,XNA,Cash,x-sell,Credit and cash offices,-1,XNA,12.0,middle,Cash X-Sell: middle,365243.0,-788.0,-458.0,-758.0,-752.0,1.0
1045294,100053,Revolving loans,,0.0,0.0,,,FRIDAY,10,Y,1,,,,XAP,Canceled,-24,XNA,XAP,,Repeater,XNA,XNA,XNA,Credit and cash offices,-1,XNA,,XNA,Card Street,,,,,,
2530051,100062,Revolving loans,,0.0,0.0,,,TUESDAY,15,Y,1,,,,XAP,Canceled,-296,XNA,XAP,,Repeater,XNA,XNA,XNA,Credit and cash offices,-1,XNA,,XNA,Card Street,,,,,,
2797899,100009,Consumer loans,10418.67,95841.0,88632.0,14377.5,95841.0,WEDNESDAY,17,Y,1,0.1520093248239681,,,XAP,Approved,-74,Cash through the bank,XAP,,Repeater,Consumer Electronics,POS,XNA,Regional / Local,300,Consumer electronics,10.0,middle,POS household with interest,365243.0,-43.0,227.0,365243.0,365243.0,0.0
2384838,100037,Cash loans,17813.25,157500.0,157500.0,,157500.0,SUNDAY,7,Y,1,,,,XNA,Approved,-539,XNA,XAP,,Refreshed,XNA,Cash,x-sell,Country-wide,2000,Consumer electronics,12.0,high,Cash X-Sell: high,365243.0,-509.0,-179.0,-209.0,-203.0,0.0
1074770,100020,Consumer loans,5729.265,32512.5,35086.5,0.0,32512.5,SATURDAY,10,Y,1,0.0,,,XAP,Approved,-243,Cash through the bank,XAP,Unaccompanied,Repeater,Gardening,POS,XNA,Stone,550,Consumer electronics,8.0,high,POS household with interest,365243.0,-211.0,-1.0,365243.0,365243.0,0.0
1288446,100045,Consumer loans,6319.35,34501.5,31486.5,4500.0,34501.5,FRIDAY,14,Y,1,0.1361874339240852,,,XAP,Approved,-2779,Cash through the bank,XAP,Family,New,Mobile,POS,XNA,Country-wide,50,Connectivity,6.0,low_normal,POS mobile with interest,365243.0,-2748.0,-2598.0,-2598.0,-2588.0,1.0
1354305,100030,Consumer loans,6014.835,33561.0,27954.0,6714.0,33561.0,SUNDAY,15,Y,1,0.2109194751250825,,,XAP,Refused,-1266,Cash through the bank,LIMIT,Children,Refreshed,Photo / Cinema Equipment,POS,XNA,Country-wide,50,Connectivity,5.0,low_normal,POS mobile without interest,,,,,,
2824473,100016,Consumer loans,7124.04,98500.5,98500.5,0.0,98500.5,SATURDAY,14,Y,1,0.0,,,XAP,Approved,-1329,Cash through the bank,XAP,Unaccompanied,Repeater,Computers,POS,XNA,Regional / Local,120,Consumer electronics,24.0,high,POS household with interest,365243.0,-1295.0,-605.0,-605.0,-600.0,0.0
2474381,100061,Consumer loans,,66501.0,66501.0,,66501.0,MONDAY,11,Y,1,,,,XAP,Unused offer,-1067,XNA,CLIENT,"Spouse, partner",Repeater,Mobile,XNA,XNA,Stone,87,Connectivity,,XNA,POS mobile with interest,,,,,,
1908205,100035,Cash loans,,0.0,0.0,,,WEDNESDAY,13,Y,1,,,,XNA,Canceled,-119,XNA,XAP,,Repeater,XNA,XNA,XNA,Credit and cash offices,-1,XNA,,XNA,Cash,,,,,,
2063959,100035,Cash loans,,0.0,0.0,,,THURSDAY,11,Y,1,,,,XNA,Refused,-160,XNA,HC,,Repeater,XNA,XNA,XNA,Credit and cash offices,-1,XNA,,XNA,Cash,,,,,,
2299329,100006,Consumer loans,2482.92,26912.34,24219.0,2693.34,26912.34,TUESDAY,15,Y,1,0.1089943166997336,,,XAP,Approved,-617,XNA,XAP,,New,Construction Materials,POS,XNA,Stone,30,Construction,12.0,middle,POS industry with interest,365243.0,-545.0,-215.0,-425.0,-416.0,0.0
1461079,100014,Consumer loans,11567.475,119272.5,131868.0,0.0,119272.5,TUESDAY,13,Y,1,0.0,,,XAP,Approved,-844,Cash through the bank,XAP,Other_A,New,Computers,POS,XNA,Country-wide,1500,Consumer electronics,12.0,low_action,POS household without interest,365243.0,-813.0,-483.0,-483.0,-475.0,0.0
1366912,100048,Cash loans,57466.53,814500.0,856431.0,,814500.0,TUESDAY,9,Y,1,,,,XNA,Approved,-314,Cash through the bank,XAP,Unaccompanied,Repeater,XNA,Cash,x-sell,Credit and cash offices,-1,XNA,18.0,low_normal,Cash X-Sell: low,365243.0,-284.0,226.0,365243.0,365243.0,1.0
2835799,100025,Cash loans,23833.575,225000.0,285682.5,,225000.0,THURSDAY,16,Y,1,,,,XNA,Approved,-1061,Cash through the bank,XAP,Unaccompanied,Repeater,XNA,Cash,x-sell,Credit and cash offices,-1,XNA,18.0,high,Cash X-Sell: high,365243.0,-1031.0,-521.0,-888.0,-883.0,1.0
2440070,100061,Consumer loans,12826.44,66501.0,62905.5,6750.0,66501.0,MONDAY,12,Y,1,0.1055388825916637,,,XAP,Approved,-1067,XNA,XAP,"Spouse, partner",Repeater,Audio/Video,POS,XNA,Stone,87,Connectivity,6.0,high,POS mobile with interest,365243.0,-1035.0,-885.0,-975.0,-970.0,0.0
1232720,100049,Consumer loans,6103.305,35955.0,30339.0,9000.0,35955.0,FRIDAY,14,Y,1,0.2491628709885401,,,XAP,Approved,-594,XNA,XAP,Unaccompanied,Repeater,Audio/Video,POS,XNA,Regional / Local,400,Consumer electronics,6.0,high,POS household with interest,365243.0,-563.0,-413.0,-413.0,-410.0,0.0
1193310,100009,Consumer loans,17341.605,110160.0,92488.5,22032.0,110160.0,MONDAY,15,Y,1,0.2095245035525596,,,XAP,Approved,-1511,Cash through the bank,XAP,Unaccompanied,Repeater,Audio/Video,POS,XNA,Regional / Local,190,Consumer electronics,6.0,middle,POS household with interest,365243.0,-1480.0,-1330.0,-1330.0,-1323.0,0.0
1044161,100047,Cash loans,11423.025,135000.0,196528.5,,135000.0,SATURDAY,14,Y,1,,,,XNA,Refused,-1172,Cash through the bank,LIMIT,Unaccompanied,Repeater,XNA,Cash,x-sell,Credit and cash offices,-1,XNA,36.0,high,Cash X-Sell: high,,,,,,
2266434,100027,Cash loans,,0.0,0.0,,,SATURDAY,14,Y,1,,,,XNA,Canceled,-181,XNA,XAP,,Repeater,XNA,XNA,XNA,AP+ (Cash loan),5,XNA,,XNA,Cash,,,,,,
1579402,100043,Consumer loans,54918.81,1575000.0,1384740.0,315000.0,1575000.0,MONDAY,14,Y,1,0.2018330076150684,,,XAP,Refused,-31,XNA,LIMIT,,XNA,Furniture,POS,XNA,Stone,100,XNA,36.0,low_normal,POS industry with interest,,,,,,
2594025,100021,Revolving loans,33750.0,0.0,675000.0,,,FRIDAY,14,Y,1,,,,XAP,Approved,-549,XNA,XAP,,Repeater,XNA,Cards,x-sell,Credit and cash offices,-1,XNA,0.0,XNA,Card X-Sell,365243.0,365243.0,365243.0,365243.0,-332.0,0.0
1943043,100062,Cash loans,47952.0,900000.0,900000.0,,900000.0,TUESDAY,10,Y,1,,,,XNA,Refused,-296,XNA,HC,Unaccompanied,Repeater,XNA,Cash,x-sell,Contact center,-1,XNA,24.0,low_normal,Cash X-Sell: low,,,,,,
1990599,100030,Consumer loans,,43870.5,43870.5,0.0,43870.5,FRIDAY,15,Y,1,0.0,,,XAP,Refused,-1849,Cash through the bank,LIMIT,Children,Refreshed,Mobile,XNA,XNA,Country-wide,50,Connectivity,,XNA,POS mobile with interest,,,,,,
2481442,100059,Consumer loans,,35680.05,35680.05,0.0,35680.05,THURSDAY,17,Y,1,0.0,,,XAP,Refused,-1832,Cash through the bank,LIMIT,Family,Refreshed,Audio/Video,XNA,XNA,Country-wide,3500,Consumer electronics,,XNA,POS household with interest,,,,,,
1940724,100007,Cash loans,22678.785,202500.0,215865.0,,202500.0,THURSDAY,8,Y,1,,,,XNA,Approved,-1106,XNA,XAP,,Repeater,XNA,Cash,x-sell,Country-wide,-1,Consumer electronics,12.0,middle,Cash X-Sell: middle,365243.0,-1076.0,-746.0,-746.0,-739.0,1.0
2662898,100029,Consumer loans,22891.68,126000.0,126000.0,0.0,126000.0,SATURDAY,18,Y,1,0.0,,,XAP,Approved,-324,Cash through the bank,XAP,Family,New,Clothing and Accessories,POS,XNA,Stone,18,Clothing,6.0,middle,POS industry with interest,365243.0,-293.0,-143.0,-203.0,-197.0,0.0
2349489,100010,Consumer loans,27463.41,247212.0,260811.0,0.0,247212.0,TUESDAY,16,Y,1,0.0,,,XAP,Approved,-1070,Cash through the bank,XAP,Family,New,Furniture,POS,XNA,Stone,8636,Furniture,10.0,low_action,POS industry without interest,365243.0,-1039.0,-769.0,-769.0,-762.0,0.0
2243464,100050,Consumer loans,6919.605,153598.5,153598.5,0.0,153598.5,TUESDAY,10,Y,1,0.0,,,XAP,Approved,-491,Cash through the bank,XAP,Unaccompanied,New,Medical Supplies,POS,XNA,Country-wide,90,Industry,24.0,low_action,POS others without interest,365243.0,-459.0,231.0,-9.0,-3.0,0.0
1292088,100036,Consumer loans,13290.3,197752.5,221247.0,0.0,197752.5,SATURDAY,14,Y,1,0.0,,,XAP,Refused,-185,Cash through the bank,HC,Family,Repeater,Audio/Video,POS,XNA,Country-wide,2000,Consumer electronics,18.0,low_action,POS household without interest,,,,,,
1112703,100009,Consumer loans,9845.01,98460.0,88614.0,9846.0,98460.0,SATURDAY,11,Y,1,0.1089090909090909,,,XAP,Approved,-1562,Cash through the bank,XAP,Family,Refreshed,Audio/Video,POS,XNA,Regional / Local,190,Consumer electronics,10.0,low_normal,POS household with interest,365243.0,-1531.0,-1261.0,-1261.0,-1252.0,0.0
1886350,100035,Cash loans,,0.0,0.0,,,TUESDAY,13,Y,1,,,,XNA,Refused,-148,XNA,HC,,Repeater,XNA,XNA,XNA,Credit and cash offices,-1,XNA,,XNA,Cash,,,,,,
1189316,100025,Cash loans,23833.575,225000.0,285682.5,0.0,225000.0,WEDNESDAY,12,Y,1,0.0,,,XNA,Approved,-1699,Cash through the bank,XAP,Unaccompanied,Repeater,XNA,Cash,x-sell,Credit and cash offices,-1,XNA,18.0,high,Cash X-Sell: high,365243.0,-1669.0,-1159.0,-1159.0,-1148.0,1.0
1529558,100046,Cash loans,29053.215,450000.0,555723.0,,450000.0,MONDAY,15,Y,1,,,,Repairs,Refused,-449,Cash through the bank,LIMIT,,Repeater,XNA,Cash,walk-in,Credit and cash offices,-1,XNA,24.0,low_normal,Cash Street: low,,,,,,
1432951,100063,Cash loans,,0.0,0.0,,,TUESDAY,15,Y,1,,,,XNA,Canceled,-468,XNA,XAP,,Repeater,XNA,XNA,XNA,Credit and cash offices,-1,XNA,,XNA,Cash,,,,,,
2492683,100043,Cash loans,10363.275,292500.0,292500.0,,292500.0,WEDNESDAY,11,Y,1,,,,XNA,Approved,-1219,Cash through the bank,XAP,Family,Refreshed,XNA,Cash,x-sell,Country-wide,44,Connectivity,60.0,middle,Cash X-Sell: middle,365243.0,-1189.0,581.0,-439.0,-431.0,0.0
2305060,100041,Consumer loans,7297.515,58486.5,64278.0,0.0,58486.5,SUNDAY,14,Y,1,0.0,,,XAP,Approved,-1508,Cash through the bank,XAP,Family,Refreshed,Consumer Electronics,POS,XNA,Country-wide,4000,Consumer electronics,12.0,high,POS household with interest,365243.0,-1477.0,-1147.0,-1147.0,-1095.0,0.0
1182112,100049,Cash loans,7801.155,67500.0,76131.0,,67500.0,MONDAY,9,Y,1,,,,XNA,Approved,-416,Cash through the bank,XAP,,Repeater,XNA,Cash,x-sell,AP+ (Cash loan),4,XNA,12.0,middle,Cash X-Sell: middle,365243.0,-386.0,-56.0,-56.0,-53.0,1.0
1143325,100030,Consumer loans,4373.055,17055.0,15349.5,1705.5,17055.0,SATURDAY,13,Y,1,0.1089090909090909,,,XAP,Approved,-2856,XNA,XAP,,New,Mobile,POS,XNA,Stone,10,Connectivity,4.0,high,POS mobile with interest,365243.0,-2818.0,-2728.0,-2818.0,-2631.0,0.0
1670175,100035,Cash loans,22857.75,315000.0,315000.0,,315000.0,THURSDAY,13,Y,1,,,,XNA,Approved,-1427,Cash through the bank,XAP,Children,Repeater,XNA,Cash,x-sell,Credit and cash offices,-1,XNA,18.0,middle,Cash X-Sell: middle,365243.0,-1397.0,-887.0,-887.0,-878.0,1.0
2651027,100059,Cash loans,,0.0,0.0,,,FRIDAY,15,Y,1,,,,XNA,Canceled,-326,XNA,XAP,,Repeater,XNA,XNA,XNA,Credit and cash offices,-1,XNA,,XNA,Cash,,,,,,
1348667,100059,Cash loans,,0.0,0.0,,,FRIDAY,15,Y,1,,,,XNA,Canceled,-326,XNA,XAP,,Repeater,XNA,XNA,XNA,Credit and cash offices,-1,XNA,,XNA,Cash,,,,,,
2499893,100051,Cash loans,,0.0,0.0,,,TUESDAY,15,Y,1,,,,XNA,Canceled,-36,XNA,XAP,,Repeater,XNA,XNA,XNA,Credit and cash offices,-1,XNA,,XNA,Cash,,,,,,
1557583,100043,Revolving loans,21375.0,0.0,427500.0,,,MONDAY,14,Y,1,,,,XAP,Approved,-997,XNA,XAP,,Repeater,XNA,Cards,x-sell,Country-wide,44,Connectivity,0.0,XNA,Card X-Sell,-991.0,-948.0,365243.0,-370.0,365243.0,0.0
2545789,100006,Cash loans,,0.0,0.0,,,THURSDAY,15,Y,1,,,,XNA,Canceled,-181,XNA,XAP,,Repeater,XNA,XNA,XNA,Credit and cash offices,-1,XNA,,XNA,Cash,,,,,,
2037234,100033,Consumer loans,5542.92,53599.5,53329.5,5364.0,53599.5,MONDAY,14,Y,1,0.0995320373868253,,,XAP,Approved,-849,Cash through the bank,XAP,Unaccompanied,New,Mobile,POS,XNA,Country-wide,20,Connectivity,12.0,middle,POS mobile with interest,365243.0,-818.0,-488.0,-488.0,-486.0,0.0
2020951,100012,Cash loans,,0.0,0.0,,,TUESDAY,13,Y,1,,,,XNA,Canceled,-107,XNA,XAP,,Repeater,XNA,XNA,XNA,Credit and cash offices,-1,XNA,,XNA,Cash,,,,,,
2638827,100025,Cash loans,,0.0,0.0,,,MONDAY,13,Y,1,,,,XNA,Canceled,-63,XNA,XAP,,Repeater,XNA,XNA,XNA,Credit and cash offices,-1,XNA,,XNA,Cash,,,,,,
1697039,100006,Cash loans,32696.1,688500.0,906615.0,,688500.0,THURSDAY,15,Y,1,,,,XNA,Refused,-181,Cash through the bank,LIMIT,Unaccompanied,Repeater,XNA,Cash,x-sell,Credit and cash offices,-1,XNA,48.0,low_normal,Cash X-Sell: low,,,,,,
1014352,100036,Consumer loans,12069.315,213804.0,213804.0,0.0,213804.0,SATURDAY,14,Y,1,0.0,,,XAP,Refused,-185,Cash through the bank,HC,Family,Repeater,Audio/Video,POS,XNA,Country-wide,2000,Consumer electronics,24.0,low_normal,POS household with interest,,,,,,
1390369,100034,Cash loans,22430.43,94500.0,109971.0,,94500.0,FRIDAY,11,Y,1,,,,Other,Approved,-599,Cash through the bank,XAP,,New,XNA,Cash,walk-in,Credit and cash offices,-1,XNA,6.0,high,Cash Street: high,365243.0,-569.0,-419.0,-449.0,-443.0,1.0
1923010,100037,Consumer loans,25595.82,147073.5,144364.5,8824.5,147073.5,SATURDAY,5,Y,1,0.0627374206194487,,,XAP,Approved,-2612,XNA,XAP,Family,New,Computers,POS,XNA,Country-wide,107,Consumer electronics,6.0,low_normal,POS household without interest,365243.0,-2581.0,-2431.0,-2431.0,-2422.0,1.0
1552485,100035,Cash loans,22308.75,675000.0,675000.0,,675000.0,FRIDAY,11,Y,1,,,,XNA,Refused,-124,Cash through the bank,HC,Unaccompanied,Repeater,XNA,Cash,x-sell,Credit and cash offices,-1,XNA,48.0,low_normal,Cash X-Sell: low,,,,,,
1580795,100036,Cash loans,,0.0,0.0,,,FRIDAY,11,Y,1,,,,XNA,Canceled,-39,XNA,XAP,,Repeater,XNA,XNA,XNA,Credit and cash offices,-1,XNA,,XNA,Cash,,,,,,
2094741,100059,Consumer loans,26149.68,283410.0,255069.0,28341.0,283410.0,SUNDAY,16,Y,1,0.1089090909090909,,,XAP,Approved,-492,Cash through the bank,XAP,,Repeater,Furniture,POS,XNA,Stone,50,Furniture,12.0,middle,POS industry with interest,365243.0,-461.0,-131.0,-431.0,-422.0,0.0
2828240,100037,Consumer loans,19505.385,153877.5,188640.0,0.0,153877.5,SUNDAY,7,Y,1,0.0,,,XAP,Refused,-539,XNA,HC,,Refreshed,Computers,POS,XNA,Country-wide,2000,Consumer electronics,12.0,middle,POS household with interest,,,,,,
1209367,100049,Revolving loans,4500.0,0.0,90000.0,,,SUNDAY,11,Y,1,,,,XAP,Approved,-417,XNA,XAP,,Repeater,XNA,Cards,x-sell,AP+ (Cash loan),4,XNA,0.0,XNA,Card X-Sell,-228.0,-185.0,365243.0,365243.0,365243.0,0.0
